{"count":1,"self":1188.3189247999999,"total":1189.0088796999999,"children":{"InitializeActuators":{"count":9,"self":0.0030321999999999997,"total":0.0030321999999999997,"children":null},"InitializeSensors":{"count":9,"self":0.0029923999999999997,"total":0.0029923999999999997,"children":null},"AgentSendState":{"count":106,"self":0.0079443,"total":0.0490673,"children":{"CollectObservations":{"count":99,"self":0.0020020999999999997,"total":0.0020020999999999997,"children":null},"WriteActionMask":{"count":99,"self":0.0039537999999999995,"total":0.0039537999999999995,"children":null},"RequestDecision":{"count":99,"self":0.0351671,"total":0.0351671,"children":null}}},"DecideAction":{"count":106,"self":0.3228164,"total":0.619968,"children":{"CameraSensor.WriteToTensor":{"count":88,"self":0.27620829999999996,"total":0.27620829999999996,"children":null},"RenderTextureSensor.Write":{"count":11,"self":0.020943299999999998,"total":0.020943299999999998,"children":null}}},"AgentAct":{"count":106,"self":0.014943399999999999,"total":0.014943399999999999,"children":null}},"gauges":{"GridWorld.CumulativeReward":{"count":29,"max":1,"min":0.95,"runningAverage":0.9824138,"value":0.98,"weightedAverage":0.98113656}},"metadata":{"timer_format_version":"0.1.0","start_time_seconds":"1619422542","unity_version":"2018.4.20f1","command_line_arguments":"C:\\Program Files\\Unity\\Hub\\Editor\\2018.4.9f1\\Editor\\Unity.exe","communication_protocol_version":"1.5.0","com.unity.ml-agents_version":"1.9.0-preview","scene_name":"SampleScene","end_time_seconds":"1619423731"}}