{"count":1,"self":37.6095584,"total":41.4225767,"children":{"InitializeActuators":{"count":10,"self":0.0029920999999999997,"total":0.0029920999999999997,"children":null},"InitializeSensors":{"count":10,"self":0.0009965,"total":0.0009965,"children":null},"AgentSendState":{"count":2441,"self":0.1512613,"total":0.54449059999999994,"children":{"CollectObservations":{"count":4890,"self":0.2374682,"total":0.2374682,"children":null},"WriteActionMask":{"count":4890,"self":0.034726,"total":0.034726,"children":null},"RequestDecision":{"count":4890,"self":0.12103509999999999,"total":0.12103509999999999,"children":null}}},"DecideAction":{"count":2441,"self":2.9650461999999997,"total":2.9650461999999997,"children":null},"AgentAct":{"count":2441,"self":0.2964999,"total":0.2964999,"children":null}},"gauges":{"Walker.CumulativeReward":{"count":130,"max":338.050385,"min":-1.933288,"runningAverage":33.16209,"value":30.3586788,"weightedAverage":50.3900948}},"metadata":{"timer_format_version":"0.1.0","start_time_seconds":"1619422251","unity_version":"2018.4.20f1","command_line_arguments":"C:\\Program Files\\Unity\\Hub\\Editor\\2018.4.9f1\\Editor\\Unity.exe","communication_protocol_version":"1.5.0","com.unity.ml-agents_version":"1.9.0-preview","scene_name":"Walker","end_time_seconds":"1619422293"}}